"","arterycode","match_on_case","artery_type","location","direction","sideofint"
"18584",30430,1,1,"YONGE BLVD S/B S OF OLD ORCHARD GRV","Southbound","S"
"12310",23521,1,1,"KENNEDY RD N/B S OF COWDRAY COURT","Northbound","S"
"7157",13071,1,1,"ATLAS AVE S/B S OF AVA RD","Southbound","S"
"20030",32013,1,1,"RODDA BLVD S/B N OF LAWRENCE AVE","Southbound","N"
"13934",25333,1,1,"OAKWOOD AVE S/B N OF VAUGHAN RD","Southbound","N"
"964",1018,1,1,"MIDLAND AVE N/B S OF SOUTH SHIELDS AVE","Northbound","S"
"18367",30199,1,1,"LN N OF QUEEN ST W/B W OF MARKHAM ST","Westbound","W"
"17114",28840,1,1,"MILNER AV W/B W OF DAILING GT","Westbound","W"
"906",958,1,1,"MARTIN GROVE RD S/B N OF EGLINTON AVE","Southbound","N"
"2290",2411,1,1,"EGLINTON AVE W/B E OF DANFORTH RD","Westbound","E"
"11239",22284,1,1,"TERRAVIEW BLVD E/B E OF VICTORIA PARK AVE","Eastbound","E"
"8619",15638,1,1,"ERIN ST N/B S OF DERBY ST","Northbound","S"
"16997",28722,1,1,"GUILDWOOD PKWY W/B E OF LIVINGSTON RD","Westbound","E"
"1681",1772,1,1,"WESTON RD S/B N OF NORTHLAND AVE","Southbound","N"
"8780",15896,1,1,"ST CLARENS AVE N/B N OF LAPPIN AVE","Northbound","N"
"17829",29620,1,1,"YORK ST S/B N OF BREMNER BLVD","Southbound","N"
"21639",33699,1,1,"WINTERMUTE BLVD E/B E OF AMBERCROFT BLVD","Eastbound","E"
"10706",21673,1,1,"BURR AVE E/B E OF BERRYTON AVE","Eastbound","E"
"1605",1696,1,1,"WARDEN AVE N/B S OF DANFORTH RD","Northbound","S"
"3598",3857,1,1,"SPADINA AVE N/B S OF NASSAU ST","Northbound","S"
"16273",27937,1,1,"ATTWELL DR S/B N OF BELFIELD RD","Southbound","N"
"7018",12591,1,1,"SCUNTHORPE AVE N/B N OF MILNER AVE","Northbound","N"
"18601",30448,1,1,"MCNICOLL AVE W/B E OF MYERS LANE","Westbound","E"
"21869",33937,1,1,"FOXRIDGE DR E/B W OF KENNEDY RD","Eastbound","W"
"9543",20450,1,1,"MIDDLEFIELD RD N/B S OF MCNICOLL AVE","Northbound","S"
"17185",28920,1,1,"DIVADALE DR E/B W OF BRENTCLIFFE RD","Eastbound","W"
"15356",26911,1,1,"NORTH PARK DR W/B E OF SPARTA RD","Westbound","E"
"8358",15279,1,1,"CONVAIR DR W/B E OF RENFORTH DR","Westbound","E"
"9886",20823,1,1,"STEEPROCK DR W/B W OF LODESTAR RD","Westbound","W"
"10769",21756,1,1,"PATRICIA AVE E/B W OF FARGO AVE","Eastbound","W"
"10577",21538,1,1,"EASTON RD N/B S OF SHEPPARD AVE","Northbound","S"
"11615",22710,1,1,"BIRCHMOUNT RD N/B N OF VAUXHALL DR","Northbound","N"
"12285",23485,1,1,"KIPLING AVE N/B S OF GENTHORN AVE","Northbound","S"
"16320",27986,1,1,"SANDHURST CIR N/B S OF FINCH AVE E TCS","Northbound","S"
"7604",13922,1,1,"DUNDAS ST W/B W OF LESLIE ST","Westbound","W"
"16620",28319,1,1,"SAM FRUSTAGLIO DR N/B N OF MARGARET ROSE CRT","Northbound","N"
"2585",2725,1,1,"KENNEDY RD S/B N OF HIGHWAY 401 N TCS","Southbound","N"
"18376",30209,1,1,"MULOCK AVE S/B S OF HIRONS ST","Southbound","S"
"10867",21861,1,1,"HOLMES AVE E/B W OF DUDLEY AVE","Eastbound","W"
"12744",24018,1,1,"CHERRY ST S/B N OF VILLIERS ST","Southbound","N"
"10665",21627,1,1,"GLENGROVE AVE E/B W OF HAVEN RD","Eastbound","W"
"21630",33690,1,1,"DUNMURRAY BLVD W/B E OF QUEENSCOURT DR","Westbound","E"
"8806",15924,1,1,"CHAPLIN CRES E/B W OF YONGE ST","Eastbound","W"
"1996",2104,1,1,"BIRCHMOUNT RD N/B S OF ALLANFORD RD","Northbound","S"
"1194",1269,1,1,"LESLIE ST N/B TO HIGHWAY 401 W/B","Northbound","S"
"18346",30177,1,1,"CORDELLA AVE E/B E OF LOUVAIN ST","Eastbound","E"
"24422",36683,1,1,"EVELYN AVE NB S OF ST JOHNS RD","Northbound","S"
"12730",24003,1,1,"F G GARDINER EXPY W/B E OF ISLINGTON AVE","Westbound","E"
"18640",30488,1,1,"ASPEN AVE S/B N OF PARKVIEW HILL CRES","Southbound","N"
"20874",32897,1,1,"PACHINO BLVD W/B E OF WARINGSTOWN DR","Westbound","E"
"25477",37826,1,1,"QUEEN ST W E/B E OF LANSDOWNE AVE","Eastbound","E"
"19941",31915,1,1,"CHEATHAM PL E/B E OF BERNER TRL","Eastbound","E"
"16936",28658,1,1,"PARK BLVD W/B W OF LONG BRANCH AVE","Westbound","W"
"9312",20177,1,1,"BERTRAND AVE W/B E OF MOZART AVE","Westbound","E"
"10571",21532,1,1,"BAYVIEW MEWS LANE W/B E OF BAYVIEW AVE","Westbound","E"
"12005",23161,1,1,"THE KINGSWAY W/B E OF KIPLING AVE","Westbound","E"
"18669",30517,1,1,"EASTDALE AVE N/B S OF GOODWOOD PARK CRES","Northbound","S"
"14154",25562,1,1,"WAYNE AVE S/B N OF WALBON RD","Southbound","N"
"13865",25261,1,1,"EVANS AVE E/B E OF THE WEST MALL","Eastbound","E"
"8536",15499,1,1,"ULSTER ST E/B E OF MANNING AVE","Eastbound","E"
"15359",26914,1,1,"RUSHBROOKE AVE N/B S OF QUEEN ST","Northbound","S"
"17334",29082,1,1,"BAYVIEW RIDGE CRES E/B W OF VALLEY RIDGE PL","Eastbound","W"
"7078",12888,1,1,"DUPONT ST E/B W OF BATHURST ST","Eastbound","W"
"15505",27073,1,1,"MAGELLAN DR N/B S OF DOMBEY RD","Northbound","S"
"2729",2876,1,1,"MARKHAM RD S/B N OF SHEPPARD AVE","Southbound","N"
"828",877,1,1,"LAWRENCE AVE W/B E OF BLACK CREEK DR","Westbound","E"
"18886",30753,1,1,"GOODVIEW RD SB S OF PRATTLEY DR","Southbound","S"
"1315",1395,1,1,"SHEPPARD AVE W/B E OF HAWKSBURY DR","Westbound","E"
"2886",3044,1,1,"RICHMOND ST W/B E OF PETER ST","Westbound","E"
"24160",36395,1,1,"LOGAN AVE SB N OF EASTERN AVE","Southbound","N"
"13781",25173,1,1,"WELLINGTON ST E/B W OF WALNUT AVE","Eastbound","W"
"25426",37769,1,1,"ROYAL YORK RD N/B S OF DUNDAS ST W","Northbound","S"
"17435",29186,1,1,"ALAMEDA AVE N/B S OF GLOUCESTER GRV","Northbound","S"
"25598",37955,1,1,"QUEEN ST W W/B E OF ST PATRICK ST","Westbound","E"
"24676",36952,1,1,"GLAMIS AVE SB N OF ELLINS AVE","Southbound","N"
"3134",3314,1,1,"ST CLAIR AVE E/B W OF PLAXTON DR","Eastbound","W"
"17357",29106,1,1,"THREE VALLEYS DR W/B E OF GROVELAND CRES","Westbound","E"
"24427",36688,1,1,"PLYMBRIDGE RD WB E OF PLYMBRIDGE CRES","Westbound","E"
"17202",28938,1,1,"ECCLESTON DR W/B E OF LARKSONG CRT","Westbound","E"
"24433",36695,1,1,"VAN HORNE AVE EB W OF TUMBLEWEED RD","Eastbound","W"
"14529",25984,1,1,"F G GARDINER EXPY E/B E OF DUFFERIN ST","Eastbound","E"
"358",386,1,1,"DUNDAS ST W/B E OF SHAVER AVE","Westbound","E"
"10188",21138,1,1,"NIPIGON AVE W/B E OF DUMONT ST","Westbound","E"
"12955",24272,1,1,"FALKIRK ST N/B N OF HADDINGTON AVE","Northbound","N"
"14558",26016,1,1,"INDIAN RD N/B N OF PARKDALE RD","Northbound","N"
"395",424,1,1,"ELLESMERE RD W/B E OF DORMINGTON DR","Westbound","E"
"41",46,1,1,"BAYVIEW AVE S/B N OF BROADWAY AVE","Southbound","N"
"17894",29691,1,1,"ROCKWELL AV E/B E OF CHAMBERS AV","Eastbound","E"
"14384",25821,1,1,"MARKLAND DR S/B N OF CONIFER DR","Southbound","N"
"17035",28760,1,1,"HUNTINGWOOD DR E/B W OF HARFLEUR RD","Eastbound","W"
"18115",29929,1,1,"RIVERSIDE DR W/B W OF LARCHMERE AVE","Westbound","W"
"18060",29873,1,1,"HALFWAY AVE W/B E OF HUPFIELD TRL","Westbound","E"
"21385",33432,1,1,"WIGMORE DR E/B E OF ARDTREA AVE","Eastbound","E"
"19759",31725,1,1,"FAIRWOOD CRES N/B S OF AMIENS RD","Northbound","S"
"1037",1097,1,1,"OLD WESTON RD N/B S OF KANE RD","Northbound","S"
"9166",16627,1,1,"LOGAN AVE N/B S OF LANGLEY AVE","Northbound","S"
"1491",1580,1,1,"STEELES AVE W/B E OF FENTON RD","Westbound","E"
"20893",32917,1,1,"LOWCREST BLVD N/B S OF WARDEN AVE","Northbound","S"
"9578",20492,1,1,"ISLINGTON AVE S/B N OF SATTERLY RD","Southbound","N"
"17569",29327,1,1,"KING GEORGES W/B E OF WILLINGTON BLVD","Westbound","E"
"13724",25107,1,1,"ELWOOD BLVD E/B E OF CASTLE KNOCK RD","Eastbound","E"
"24580",36848,1,1,"STRATHBURN BLVD NB S OF GAYDON AVE","Northbound","S"
"16673",28374,1,1,"BEACHVIEW CRES W/B E OF BROOKSIDE DR","Westbound","E"
"172",187,1,1,"BURNHAMTHORPE RD E/B W OF MILL RD","Eastbound","W"
"514",548,1,1,"ISLINGTON AVE S/B N OF BLOOR ST","Southbound","N"
"22244",34343,1,1,"VIEWMOUNT AVE E/B W OF BATHURST ST","Eastbound","W"
"215",238,1,1,"DIXON RD E/B W OF KIPLING AVE","Eastbound","W"
"16138",27794,1,1,"LN S OF HARBORD ST W/B W OF MANNING AVE","Westbound","W"
"21650",33710,1,1,"SANDHILL DR E/B W OF ISLINGTON AVE","Eastbound","W"
"10442",21397,1,1,"F G GARDINER EXPY W/B TO HIGHWAY 427 N/B & BROWN'S LINE","Westbound","E"
"22599",34726,1,1,"GOLFDOWN DR W/B E OF COVE DR","Westbound","E"
"1556",1647,1,1,"STEELES AVE E/B W OF TOWNSEND RD","Eastbound","W"
"6984",12554,1,1,"NEILSON RD S/B N OF ELLESMERE RD","Southbound","N"
"2395",2524,1,1,"EGLINTON AVE E/B W OF WARDEN AVE","Eastbound","W"
"1763",1856,1,1,"YONGE ST S/B N OF ELMHURST AVE","Southbound","N"
"9812",20741,1,1,"ELLERSLIE AVE E/B W OF WYNN RD","Eastbound","W"
"1948",2054,1,1,"BATHURST ST N/B S OF FINCH AVE","Northbound","S"
"20447",32449,1,1,"PARKVIEW HILL CRES S W/B E OF LONGSPUR RD","Westbound","E"
"12401",23636,1,1,"BRIDLEWOOD BLVD N/B S OF EVANSWAY ST","Northbound","S"
"25098",37408,1,1,"LA ROSE AVE E/B W OF ARCADE DR","Eastbound","W"
"16468",28144,1,1,"BERNARD AV E/B E OF BEDFORD RD","Eastbound","E"
"387",416,1,1,"ELLESMERE RD E/B W OF BIRCHMOUNT RD","Eastbound","W"
"14346",25776,1,1,"HILLDOWNTREE RD W/B W OF FINCHLEY RD","Westbound","W"
"14748",26234,1,1,"BROOKE AVE W/B W OF AVENUE RD","Westbound","E"
"13905",25303,1,1,"BRIMLEY RD S/B N OF COMRIE TERR","Southbound","N"
"12733",24006,1,1,"F G GARDINER ( COLL) EXPY W/B E OF ZORRA ST","Westbound","E"
"8448",15375,1,1,"DUNRAVEN DR W/B W OF KANE AVE","Westbound","W"
"913",965,1,1,"MARTIN GROVE RD N/B S OF HIGHWAY 409 N TCS","Northbound","S"
"1640",1731,1,1,"WARDEN AVE N/B S OF TOWER DR","Northbound","S"
"8325",15245,1,1,"BRUCE ST E/B E OF ARGYLE PL","Eastbound","E"
"10568",21529,1,1,"HAWKSBURY DR S/B N OF BAYVIEW MEWS LANE","Southbound","N"
"6900",12339,1,1,"REXDALE BLVD E/B W OF BERGAMOT AVE","Eastbound","W"
"20875",32898,1,1,"PACHINO BLVD E/B E OF PHARMACY AVE","Eastbound","E"
"12675",23941,1,1,"MCCOWAN RD N/B S OF EGLINTON AVE","Northbound","S"
"2109",2220,1,1,"BLOOR ST W/B E OF SHERBOURNE ST","Westbound","E"
"8685",15719,1,1,"GRENADIER RD W/B E OF PARKSIDE DR","Westbound","E"
"14462",25909,1,1,"WESTMORE DR S/B N OF CARRIER DR","Southbound","N"
"9840",20769,1,1,"PRINCE ANDREW PL S/B S OF BARBER GREENE RD","Southbound","S"
"8930",16228,12,1,"LAWRENCE AVE E/B W OF CEDARBRAE MALL E TCS","Eastbound","W"
"15236",26778,12,1,"MANSEWOOD GDNS E/B E OF MANSE RD NORTH INTERSECTION","Eastbound","E"
"16854",28575,12,1,"CHATHAM AV E/B W OF GREENWOOD AV","Eastbound","W"
"8637",15662,12,1,"BISHOP TUTU BLVD W/B E OF STADIUM RD","Westbound","E"
"10096",21045,12,1,"CARLUKE CRES EASTBOUND","Eastbound","W"
"8736",15842,12,1,"PASSMORE AVE W/B W OF PICKERING TOWN LINE","Westbound","W"
"2825",2976,12,1,"RAMP DON VALLEY PKWY S/B TO LAWRENCE AVE E/B","Southbound","N"
"13566",24943,12,1,"SHAUNAVON HEIGHTS CR N/B N OF BROADLANDS BLVD","Northbound","N"
"19739",31694,12,1,"FOREST HILL RD N/B N OF HILHOLM RD","Northbound","N"
"18213",30036,12,1,"SHROPSHIRE DR E/B E OF ARBUTUS CRES","Eastbound","E"
"16116",27762,12,1,"RIVER ST W/B E OF RIVER ST","Westbound","E"
"13059",24390,12,1,"WHITMAN ST N/B S OF STEELES AVE","Northbound","S"
"9417",20309,12,1,"ST NICHOLAS ST S/B N OF IRWIN AVE","Southbound","N"
"9433",20326,12,1,"LN N OF COLLEGE ST E/B W OF SHERIDAN AVE","Eastbound","W"
"12566",23816,12,1,"THE DONWAY WEST N/B S OF LAWRENCE AVE","Northbound","S"
"23502",35692,12,1,"IONVIEW RD S/B N OF FLEMPTON CRES S LEG","Southbound","N"
"21518",33570,12,1,"GRIFFEN DR N/B S OF GORSEY SQ N","Northbound","S"
"14402",25843,12,1,"NUGENT RD E/B E OF WARBECK PL","Eastbound","E"
"7921",14567,12,1,"ALDER RD N/B S OF PARKVIEW HILL CR","Northbound","S"
"10387",21342,12,1,"HAVENBROOK BLVD E/B BETWEEN DEEPGLADE CRES","Eastbound","W"
"18517",30362,12,1,"2466 EGLINTON AVE E/B E OF SERVICE RD","Eastbound","E"
"1881",1980,12,1,"RAMP YORK MILLS RD W/B TO DON VALLEY PKWY S/B","Westbound","E"
"7743",14089,12,1,"DOUGLAS DR E/B W OF ST ANDREWS GDNS","Eastbound","W"
"9419",20311,12,1,"ST NICHOLAS ST S/B N OF INKERMAN ST","Southbound","N"
"21533",33586,12,1,"BERNER TRL E/B W OF SACHEM PL","Eastbound","W"
"24892",37184,12,1,"BRADDOCK RD N/B S OF AQUILA CRT N","Northbound","S"
"18738",30586,12,1,"PLEWES RD W/B E OF KESWICK RD","Westbound","E"
"15721",27302,12,1,"RIDERWOOD DR N/B S OF MAGPIE CRES N LEG","Northbound","S"
"11148",22183,12,1,"LARKFIELD DR N/B S OF KIRKDALE CRES","Northbound","S"
"11350",22405,12,1,"CHATFIELD DR N/B S OF BRADGATE RD","Northbound","S"
"23501",35691,12,1,"IONVIEW RD N/B S OF FLEMPTON CRES N LEG","Northbound","S"
"13708",25091,12,1,"ROCKFORD RD S/B S OF SUNNYCREST RD","Southbound","S"
"20521",32524,12,1,"ORMONT DR E/B E OF BARMAC DR","Eastbound","E"
"19979",31956,12,1,"WINTERMUTE BLVD S/B S OF RIVER GROVE N","Southbound","S"
"10843",21836,12,1,"DUDLEY AVE S/B N OF CHARLEMAGNE DR","Southbound","N"
"9209",16672,12,1,"LN N OF ST CLAIR AVE E/B E OF HUMEWOOD DR","Eastbound","E"
"14101",25507,12,1,"GLENDOWER CRCT N/B N OF EASTLEA CRES","Northbound","N"
"24944",37244,12,1,"STEELES AVE W/B W OF ALBION RD-HWY 50","Westbound","W"
"1124",1192,12,1,"FINCH AVE W/B TO HIGHWAY 427 N/B","Westbound","E"
"21265",33307,12,1,"ALBION RD E/B E OF ARMEL CRT","Eastbound","E"
"13959",25360,12,1,"FINDLAY BLVD S/B N OF EMBRO DR","Southbound","N"
"23062",35230,12,1,"OAKMEADOW BLVD E/B W OF LOGSTONE CRES E LEG","Eastbound","W"
"21519",33571,12,1,"GRIFFEN DR S/B N OF GORSEY SQ S","Southbound","N"
"11016",22037,12,1,"CHALKFARM DR N/B N OF MARLINGTON CRES","Northbound","N"
"23063",35231,12,1,"OAKMEADOW BLVD W/B E OF LOGSTONE CRES W LEG","Westbound","E"
"16790",28506,12,1,"FINCH AVE E/B W OF ALBION MALL","Eastbound","W"
"17531",29287,12,1,"TAMS RD E/B W OF BONSPIEL DR","Eastbound","W"
"19708",31662,12,1,"LITTLE AVE S/B N OF LAWRENCE AVE","Southbound","N"
"22151",34245,12,1,"LN S/B N OF SPADINA RD W OF SPADINA RD","Southbound","N"
"13077",24413,12,1,"CHERRY ST S/B N OF EASTERN AVE","Southbound","N"
"24893",37185,12,1,"BRADDOCK RD S/B N OF AQUILA CRT S","Southbound","N"
"10388",21343,12,1,"GEORGE HENRY BLVD W/B BETWEEN QUINCY CRES","Westbound","E"
"21534",33587,12,1,"BERNER TRL W/B W OF SACHEM PL","Westbound","W"
"6095",6542,12,1,"FINCH AVE E/B E OF LONGO CIR","Eastbound","E"
"10992",22013,12,1,"BROOKBANKS DR E/B E OF SAGEBRUSH LANE","Eastbound","E"
"22150",34244,12,1,"LN N/B S OF BANTRY AVE W OF SPADINA RD","Northbound","S"
"15370",26926,12,1,"COE HILL DR S/B N OF ELLIS GNDS","Southbound","N"
"9738",20665,12,1,"VANLEY CRES N/B E OF CHESSWOOD DR","Northbound","E"
"6419",11502,12,1,"LN E OF GILBERT AVE N/B N OF  NORMAN AVE","Northbound","N"
"17655",29430,12,1,"OVERLEA BLVD E/B W OF EAST YORK TOWN CENTRE E","",""
"21627",33686,12,1,"GARRYBROOK DR S/B S OF HARRINGAY CRES N","Southbound","S"
"11207",22251,12,1,"ROCKBANK CRES S/B N OF STARVIEW DR","Southbound","N"
"2949",3113,12,1,"AVENUE RD S/B N OF HIGHWAY 401 E/B OFF RAMP","Southbound","S"
"24761",37043,12,1,"GILEAD PL NB S OF CORKTOWN LANE N","Northbound","S"
"23094",35264,12,1,"MARINE PARADE DR S/B N OF HUMBER BAY PARK","Southbound","N"
"11991",23147,12,1,"GOVERNMENT RD W/B E OF ROYAL YORK RD","Westbound","E"
"24488",36755,12,1,"SIR WILLIAMS LANE SB N OF TWYFORD RD","Southbound","N"
"8374",15296,12,1,"PERTH AVE S/B N OF STERLING RD","Southbound","N"
"16233",27895,12,1,"MILVAN DR N/B S OF MILLWICK DR","Northbound","S"
"9621",20537,12,1,"ALBION RD W/B W OF CLAIREPORT CRES","Westbound","W"
"19994",31974,12,1,"GARNIER CRT W/B E OF BALLYCONNOR CRT","Westbound","E"
"11774",22887,12,1,"LESLIE ST N/B 50 M S OF MOSLEY ST PX 1931","Northbound","S"
"22383",34485,12,1,"BETTY ANN DR E/B W OF STAFFORD RD","Eastbound","W"
"17073",28799,12,1,"LAWRENCE NE SERVICE RD W/B E OF LAWRENCE AV","Westbound","E"
"6435",11518,12,1,"ELLIS PARK RD N/B S OF BLOOR ST","Northbound","S"
"425",455,12,1,"FINCH AVE S/B N OF ALBION RD","Southbound","N"
"20197",32188,12,1,"FINCH AVE E W/B E OF BLACKBIRD GT","Westbound","E"
"9766",20694,12,1,"BUCHAN CRT S/B N OF SHEPPARD AVE","Southbound","N"
"3282",3482,12,1,"DON VALLEY PKWY N/B TO BAYVIEW / BLOOR W/B","Northbound","S"
"23354",35538,12,1,"COMBERMERE DR W/B E OF PARKWOOD VILLAGE DR","Westbound","E"
"8",8,12,1,"ALBION RD E/B W OF CLAIREPORT CRES","Eastbound","W"
"19286",31196,12,1,"CANONGATE TRY W/B E OF HOLMBUSH CRES","Westbound","E"
"19284",31194,12,1,"CANONGATE TRL W/B E OF INNISCROSS CRES","Westbound","E"
"22212",34309,12,1,"BANBURY RD S/B N OF JUNEWOOD CRES S LEG","Southbound","N"
"25207",37526,12,1,"ROYWOOD DR N/B S OF UNDERPASS GATE","Northbound","S"
"23322",35505,12,1,"MOUNTLAND DR W/B E OF STONEHENGE CRES W LEG","Westbound","E"
"1149",1218,12,1,"HIGHWAY 401 W/B TO ISLINGTON AVE N/B","Westbound","E"
"9281",16749,12,1,"LN S OF VAUGHAN RD W/B E OF PINEWOOD AVE","Westbound","E"
"16187",27844,12,1,"RAMP WESTON RD S/B N OF ALBION RD","Southbound","N"
"23257",35436,12,1,"SHEPTON WAY S/B N OF WEST HIGHTLAND CREEK","Southbound","N"
"24566",36834,12,1,"BEECROFT RD NB S OF BASIL HALL CRT","Northbound","S"
"7936",14600,12,1,"COXWELL BLVD S/B S OF BARBARA CRES","Southbound","S"
"22205",34302,12,1,"LAURA RD S/B N OF SNOWOOD CRT","Southbound","N"
"9279",16747,12,1,"LN S OF VAUGHAN RD E/B E OF PINEWOOD AVE","Eastbound","E"
"10389",21344,12,1,"GEORGE HENRY BLVD E/B W OF QUINCY BLVD","Eastbound","W"
"7742",14088,12,1,"DOUGLAS DR W/B W OF ST ANDREWS GDNS","Westbound","W"
"17530",29286,12,1,"TAMS RD W/B W OF BONSPIEL DR","Westbound","W"
"18872",30739,12,1,"PALMDALE DR NB S OF SHEPPARD AVE","Northbound","S"
"3574",3830,12,1,"DUNN AVE S/B TO LAKE SHORE BLVD","Southbound","N"
"20015",31996,12,1,"LN N OF QUEEN ST E/B W OF FULLER AVE","Eastbound","W"
"24665",36941,12,1,"KITTIWAKE AVE EB W OF KISKADEE DR E","Eastbound","W"
"22220",34317,12,1,"BELL ESTATE RD W/B E OF WARDEN AVE","Westbound","E"
"1217",1295,12,1,"THE QUEENSWAY E/B TO F G GARDINER EXPY E/B","Eastbound","W"
"10632",21593,12,1,"GREEN BUSH RD E/B E OF TANJOE CRES","Eastbound","E"
"14767",26253,12,1,"BRIAN DR S/B S OF CROSSBOW CRES","Southbound","S"
"20844",32866,12,1,"LN W OF JONES AVE N/B S OF MALLON AVE","Northbound","S"
"24229",36469,12,1,"SLOLEY RD EB W OF CATHEDRAL BLUFFS DR","Eastbound","W"
"13058",24389,12,1,"WHITMAN ST S/B S OF STEELES AVE","Southbound","S"
"6089",6493,12,1,"FINCH AVE W/B E OF LONGO CIR","Westbound","E"
"17074",28800,12,1,"LAWRENCE NE SERVICE RD E/B E OF LAWRENCE AV","Eastbound","E"
"8735",15841,12,1,"PASSMORE AVE E/B W OF PICKERING TOWN LINE","Eastbound","W"
"20613",32622,12,1,"#110 CASSANDRA BLVD E/B E OF ALDENHAM CRES W","Eastbound","E"
"15600",27172,12,1,"LEE CENTRE DR E/B W OF LEE CENTRE DR E LEG","Eastbound","W"
"24762",37044,12,1,"GILEAD PL SB N OF CORKTOWN LANE S","Southbound","N"
"9562",20469,12,1,"ASHBRIDGES BAY PARK RD N/B S OF LAKE SHORE BLVD","Northbound","S"
"11984",23139,12,1,"RAMP DUNDAS ST E/B TO ROYAL YORK RD S/B","Eastbound","W"
"23263",35442,12,1,"ABERFOYLE CRES S/B N OF BLOOR ST W","Southbound","N"
"18798",30649,12,1,"IAN MACDONALD LANE N/B N OF ARBORETUM LANE","Northbound","N"
"10824",21815,12,1,"SHAWNEE N/B N MICMAC CRES","Northbound","N"
"18873",30740,12,1,"PALMDALE DR SB S OF SHEPPARD AVE","Southbound","S"
"7029",12628,12,1,"FOUR OAKS GT N/B N OF DUNSTAN CR","Northbound","N"
"22758",34899,12,1,"RANKIN CRES N/B S OF DEKOVEN MEWS","Northbound","S"
"17673",29449,12,1,"MANTIS RD N/B N OF DRAGONFLY CRES","Northbound","N"
"11019",22040,12,1,"CHALKFARM DR S/B N OF MARLINGTON CRES","Southbound","N"
"14745",26231,12,1,"FRANCINE DR E/B E OF MARISA CRT","Eastbound","E"
"3106",3285,12,1,"HIGHWAY 401 E/B TO AVENUE RD S/B","Eastbound","W"
"24394",36651,12,1,"NORTHFIELD RD SB N OF GONDOLA CRES S","Southbound","N"
"17423",29174,12,1,"AVERILL CRES N/B S OF SILVERVIEW DR","Northbound","S"
"9149",16509,12,1,"WILLIAM CARSON CR E/B W OF YONGE ST","Eastbound","W"
"23442",35631,12,1,"GLENTWORTH RD W/B E OF ENNISMORE PL","Westbound","E"
"14569",26028,2,1,"MARION ST W/B E OF SUNNYSIDE AVE","Westbound","E"
"9845",20777,2,1,"GILLEY RD W/B E OF GARRATT BLVD","Westbound","E"
"776",822,2,1,"LAIRD DR S/B N OF MCRAE DR","Southbound","N"
"9172",16633,2,1,"RIVERCOURT BLVD S/B S OF PAPE AVE","Southbound","S"
"3568",3824,2,1,"PONYTZ AVE E/B W OF YONGE ST","Eastbound","W"
"121",133,2,1,"BRIMLEY RD N/B S OF DORCOT AVE","Northbound","S"
"7875",14419,2,1,"WILLOWDALE AVE S/B S OF SHEPPARD AVE E","Southbound","S"
"10725",21699,2,1,"TOBERMORY DR S/B N OF POTSDAM RD","Northbound","N"
"17772",29557,2,1,"DARBY CRT E/B E OF SEWELLS RD","Eastbound","E"
"25191",37507,2,1,"F G GARDINER EXPY E/B W OF RONCESVALLES AVE","Eastbound","W"
"13873",25269,2,1,"MCNICOLL AVE E/B W OF MCCOWAN RD","Eastbound","W"
"7874",14418,2,1,"WILLOWDALE AVE N/B S OF SHEPPARD AVE E","Northbound","S"
"3418",3636,2,1,"VICTORIA PARK AVE S/B S OF STEELES AVE","Southbound","S"
"21965",34039,2,1,"THICKET RD E/B W OF THORNBUSH CRES","Eastbound","W"
"20684",32700,2,1,"BATHURST ST S/B S OF QUEENS QUAY","Southbound","S"
"19749",31707,2,1,"LN S OF COLLEGE ST W/B E OF EUCLID AVE","Westbound","E"
"3451",3671,2,1,"VICTORIA PARK AVE N/B S OF YORK MILLS RD","Northbound","S"
"18496",30339,2,1,"BIRCHCREST CRT N/B N OF HUNTINGDALE BLVD","Northbound","N"
"13431",24796,2,1,"QUEENS DR S/B N OF GRACEFIELD AVE","Southbound","N"
"8891",16119,2,1,"PRISCILLA AVE N/B N OF ST JOHNS RD","Northbound","N"
"599",636,2,1,"JOHN ST N/B S OF QUEEN ST","Northbound","S"
"11883",23004,2,1,"KEMPFORD BLVD W/B W OF YONGE ST","Westbound","W"
"13330",24687,2,1,"SB LANEWAY E OF DAVENPORT RD N OF BELMONT ST","Southbound","N"
"23458",35648,2,1,"FAWNRIDGE TRL N/B S OF GOLDENE WAY","Northbound","S"
"25227",37549,2,1,"DANVILLE DR E/B W OF FENN AVE","Eastbound","W"
"1385",1468,2,1,"SHEPPARD AVE W/B E OF WILLOWDALE AVE","Westbound","E"
"17777",29562,2,1,"DARBY CRT N/B N OF SEWELLS RD","Northbound","N"
"6954",12494,2,1,"DAILING GT S/B N OF MILNER AVE","Southbound","N"
"6936",12445,2,1,"RYDING AVE E/B E OF RUNNYMEDE RD","Eastbound","E"
"22501",34614,2,1,"KEELE ST N/B N OF HIGHWAY 401 N TCS","Northbound","N"
"8616",15635,2,1,"ASTORIA AVE E/B W OF BAYLISS AVE","Eastbound","W"
"21063",33094,2,1,"ST CLAIR AVE E W/B E OF FERNDALE AVE","Westbound","E"
"1381",1464,2,1,"SHEPPARD AVE W/B E OF WESTON RD","Westbound","E"
"7958",14640,2,1,"LAKE SHORE BLVD E/B W OF BROWNS LINE","Eastbound","W"
"712",756,2,1,"KIPLING AVE N/B S OF BEACONHILL RD","Northbound","S"
"14240",25650,2,1,"RIDGEVALE DR W/B E OF BROOKVIEW DR","Westbound","E"
"17059",28784,2,1,"GALLOWAY RD N/B S OF WEIR CRES","Northbound","S"
"2736",2883,2,1,"MARKHAM RD S/B N OF TUXEDO CRT","Southbound","N"
"3317",3524,2,1,"THE QUEENSWAY W/B TO SOUTH KINGSWAY N/B","Westbound","E"
"24740",37021,2,1,"EVERDEN RD SB N OF GLOUCESTER GRV","Southbound","N"
"24680",36956,2,1,"ISABELLA ST EB W OF CHURCH ST","Eastbound","W"
"19748",31706,2,1,"LN S OF COLLEGE ST E/B E OF EUCLID AVE","Eastbound","E"
"23724",35929,2,1,"MINGLEHAZE DR W/B E OF MINGLEHAZE DR W LEG","Westbound","E"
"10974",21989,2,1,"BAYVIEW AVE S/B N OF COUNTRY LANE","Southbound","N"
"23515",35705,2,1,"INGLETON BLVD W/B E OF PRESIDENTS CRT","Westbound","E"
"1470",1559,2,1,"STEELES AVE E/B W OF BIRCHMOUNT RD","Eastbound","W"
"8790",15906,2,1,"CONNOLLY ST W/B W OF WILTSHIRE AVE","Westbound","W"
"15869",27453,2,1,"NIGHTSTAR RD W/B E OF WHARNSBY DR","Westbound","E"
"15253",26797,2,1,"LAUREL AVE S/B S OF HARMONY AVE","Southbound","S"
"25165",37479,2,1,"MONTYE AVE W/B E OF JANE ST","Westbound","E"
"12323",23541,2,1,"JANE ST N/B S OF HULLMAR DR","Northbound","S"
"25404",37744,2,1,"GEORGE ANDERSON DR E/B W OF KEELE ST","Eastbound","W"
"564",600,2,1,"ISLINGTON AVE N/B S OF THE QUEENSWAY","Northbound","S"
"22082",34161,2,1,"WELLESWORTH DR S/B N OF RAMAGE LANE","Southbound","N"
"1515",1606,2,1,"STEELES AVE E/B W OF KIPLING AVE","Eastbound","W"
"8754",15869,2,1,"VICTORIA PARK AVE S/B S OF DONSIDE DR","Southbound","S"
"10002",20946,2,1,"FAIRLAWN AVE E/B W OF AVENUE RD","Eastbound","W"
"10304",21257,2,1,"WENDERLY DR W/B E OF BOLINGBROOKE RD","Westbound","E"
"13332",24690,2,1,"N/B MADISON AVE S OF DAVENPORT RD","Northbound","S"
"13881",25277,2,1,"MCNICOLL AVE E/B W OF SILVER SPRINGS BLVD","Eastbound","W"
"22029",34106,2,1,"SHIRLEY ST E/B W OF NORTHERN PL","Eastbound","W"
"25173",37487,2,1,"WINDERMERE AVE S/B N OF ANNETTE ST","Southbound","N"
"3409",3627,2,1,"VICTORIA PARK AVE N/B S OF EGLINTON SQ","Northbound","S"
"12049",23211,2,1,"WARDEN AVE N/B S OF CENTENNIAL COLLEGE","Northbound","S"
"1616",1707,2,1,"WARDEN AVE S/B N OF FIRVALLEY CRT","Southbound","N"
"8109",14930,2,1,"QUEENS QUAY E/B W OF REES ST","Eastbound","W"
"11970",23121,2,1,"DUNDAS ST E/B W OF KINGSWAY MILLS PLAZA","Eastbound","W"
"20379",32377,2,1,"DEVONDALE AVE W/B E OF ANCONA ST","Westbound","E"
"10865",21859,2,1,"HOLMES AVE E/B W OF KENNETH AVE","Eastbound","W"
"19541",31472,2,1,"VALLEY WOODS RD N/B S OF YORK MILLS RD","Northbound","S"
"1997",2105,2,1,"BIRCHMOUNT RD S/B N OF BAY MILLS BLVD","Southbound","N"
"790",838,2,1,"LAKE SHORE BLVD E/B W OF COXWELL AVE","Eastbound","W"
"6424",11507,2,1,"ELLIS AVE S/B S OF ELLIS GDNS/GRENADIER HTS","Southbound","S"
"1053",1113,2,1,"PAPE AVE S/B N OF DANFORTH AVE","Southbound","N"
"12558",23807,2,1,"WEYMOUTH AVE E/B E OF SIBLEY AVE","Eastbound","E"
"15746",27327,2,1,"SHUTER ST E/B W OF JARVIS ST","Eastbound","W"
"19330",31242,2,1,"ST CLARENS AVE N/B S OF DAVENPORT RD","Northbound","S"
"16898",28620,2,1,"THIRD ST N/B N OF LAKE SHORE BLVD","Northbound","N"
"20783",32801,2,1,"BADEN ST W/B E OF LAKEVIEW AVE","Westbound","E"
"7970",14657,2,1,"LN N OF ST CLAIR W/B E OF RAGLAN AVE","Westbound","E"
"11111",22145,2,1,"GREY RD N/B S OF BEDFORD PARK AVE","Northbound","S"
"13388",24749,2,1,"OLD KINGSTON RD W/B W OF MILITARY TRL","Westbound","W"
"20000",31981,2,1,"LN S OF EGLINTON AVE W W/B E OF CHAPLIN CRES","Westbound","E"
"18648",30496,2,1,"BROOKERS LANE N/B S OF LAKE SHORE BLVD W","Northbound","S"
"11742",22847,2,1,"EASTERN AVE W/B E OF ST LAWRENCE ST","Westbound","E"
"351",379,2,1,"DUNDAS ST E/B W OF ROYAL AVON CRES","Eastbound","W"
"18978",30852,2,1,"KIPLING AVE S/B N OF MID TCS PX1950 (N OF MT OLIVE DR)","Southbound","N"
"1287",1366,2,1,"SHEPPARD AVE W/B E OF BAYVIEW AVE","Westbound","E"
"15521",27090,2,1,"BRIMORTON DR W/B W OF ORTON PARK RD","Westbound","W"
"7048",12800,2,1,"BURNHAMTHORPE RD W/B E OF OLD BURNHAMTHORPE RD","Westbound","E"
"25018",37324,2,1,"ST JOSEPH ST E/B W OF ST NICHOLAS ST","Eastbound","W"
"9237",16704,2,1,"BEVERLY GLEN BLVD E/B E OF STONEBRIDGE BLVD","Eastbound","E"
"22641",34771,2,1,"LADY BANK RD N/B S OF INVERNESS AVE","Northbound","S"
"1588",1679,2,1,"WARDEN AVE S/B N OF BAMBURGH CRCL N","Southbound","N"
"3390",3607,2,1,"TRETHEWEY DR S/B N OF EGLINTON AVE","Southbound","N"
"16496",28180,2,1,"FORT YORK BLVD N/B N OF FLEET ST","Northbound","N"
"11812",22932,2,1,"BYNG AVE E/B E OF YONGE ST","Eastbound","E"
"2222",2338,2,1,"DON MILLS RD S/B N OF DON MILLS CENTRE","Southbound","N"
"12321",23538,2,1,"JANE STREET N/B S OF YORK GT MALL","Northbound","S"
"15400",26960,2,1,"NEILSON RD N/B S OF # 1315 NEILSON RD","Northbound","S"
"14570",26029,2,1,"MARION ST E/B E OF SUNNYSIDE AVE","Eastbound","E"
"15870",27454,2,1,"NIGHTSTAR RD E/B W OF POGONIA ST","Eastbound","W"
"8256",15176,2,1,"SCARLETT RD S/B S OF EDENBRIDGE DR","Southbound","S"
"10187",21137,2,1,"CENTRE AVE E/B W OF DUMONT ST","Eastbound","W"
"19490",31415,2,1,"HERRON AVE S/B N OF FLORENS AVE","Southbound","N"
"10366",21320,2,1,"FLAMBOROUGH DR E/B W OF KEELE ST","Eastbound","W"
"18106",29920,2,1,"CLIFFWOOD RD E/B E OF HAWLEAF CRES","Eastbound","E"
"7594",13863,2,1,"LESLIE ST N/B S OF CLOVERCREST RD","Northbound","S"
"23539",35730,2,1,"MOYNES AVE N/B S OF DANIELS ST","Northbound","S"
"699",743,2,1,"KINGSTON RD E/B W OF RIDGEMOOR AVE","Eastbound","W"
"8601",15620,2,1,"KENSINGTON AVE N/B N OF DUNDAS ST W","Northbound","N"
"398",427,2,1,"ELLESMERE RD E/B W OF KENNEDY RD","Eastbound","W"
"17951",29760,2,1,"CLARENCE SQ E/B E OF SPADINA AVE","Eastbound","E"
"14567",26026,2,1,"CLAUDE AVE N/B N OF THE QUEENSWAY","Northbound","N"
"11907",23032,2,1,"OLIVE AVE W/B E OF YONGE ST","Westbound","E"
"14531",25986,2,1,"F G GARDINER EXPY W/B E OF PARKSIDE DR","Westbound","E"
"2961",3125,2,1,"AVENUE RD N/B S OF WOBURN AVE","Northbound","S"
"19464",31387,2,1,"HUNTINGWOOD DR W/B E OF DUNMURRAY BLVD","Westbound","E"
"23067",35235,2,1,"IRWIN RD W/B E OF TURNPIN AVE","Westbound","E"
"18460",30299,2,1,"SOUTH KINGSWAY S/B S OF THE QUEENSWAY","Southbound","S"
"14262",25680,2,1,"EDENBRIDGE DR E/B W OF BEARWOOD DR","Eastbound","W"
"2899",3059,2,1,"W R ALLEN RD N/B S OF TRANSIT RD","Northbound","S"
"9875",20810,2,1,"MURRAY ROSS PKWY E/B E OF SENTINEL RD","Eastbound","E"
"19344",31257,2,1,"HOWLAND AVE S/B S OF DUPONT ST","Southbound","S"
"18752",30600,2,1,"SANDRA RD N/B N OF O CONNOR DR","Northbound","N"
"1834",1928,2,1,"YONGE ST N/B S OF ST EDMUNDS DR","Northbound","S"
"2576",2716,2,1,"KENNEDY RD S/B S OF EGLINTON AVE","Southbound","S"
"13884",25280,2,1,"MCNICOLL AVE W/B E OF BIRCHMOUNT RD","Westbound","E"
"2741",2888,2,1,"MCCOWAN RD N/B S OF BUSHBY DR","Northbound","S"
"12258",23456,2,1,"LOWER SHERBOURNE ST N/B S OF LAKE SHORE BLVD","Northbound","S"
"10050",20998,3,1,"FINCH AVE W/B E OF MIDBLOCK TCS ( PX 1780 E OF WINLOCK PK)","Westbound","E"
"22329",34431,3,1,"LOWCREST BLVD E/B W OF # 49 LOWCREST BLVD","Eastbound","W"
"22563",34678,3,1,"GUILDWOOD PKWY E/B W OF NAVARRE CRES","",""
"6551",11647,3,1,"BROCK AVE N/B N OF QUEEN ST","Northbound","N"
"8086",14892,3,1,"CARLAW AVE N/B S OF LAKE SHORE BLVD","Northbound","S"
"20600",32609,3,1,"OAKDALE RD S/B S OF FINCH AVE ( # 755)","Southbound","S"
"10449",21406,3,1,"YORKVIEW DR W/B E OF BEVDALE RD","Westbound","E"
"298",322,3,1,"DUFFERIN ST S/B S OF STEELES AVE","Southbound","S"
"22327",34429,3,1,"KENNEDY AVE S/B N OF # 50 KENNEDY AVE","Southbound","N"
"24034",36262,3,1,"BARTOR RD EB EAST OF CLAYSON RD","Eastbound","E"
"25082",37391,3,1,"LN S ST CLAIRES E ST CLARENS N/B S OF LN S ST CLAIR E GREENL","Northbound","S"
"18986",30861,3,1,"KIPLING AVE N/B S OF MID TCS PX 1884 ( N OF STEVESON RD)","Northbound","S"
"20589",32598,3,1,"DORIS AVE S/B N OF BYNG AVE","Southbound","N"
"9440",20334,3,1,"AVENUE RD S/B N OF MIDBLOCK TCS (PX 2076 S OF ROE AVE)","Southbound","N"
"21751",33818,3,1,"YORKVIEW DR W/B E OF FLEETWELL CRT","Westbound","E"
"19337",31250,3,1,"RUNNYMEDE RD S/B N OF # 398 (S OF GLENWOOD AVE)","Southbound","N"
"7766",14115,3,1,"HOOK AVE E/B E OF INDIAN GROVE","Eastbound","E"
"13033",24362,3,1,"SOHO ST N/B N OF QUEEN ST W","Northbound","N"
"21797",33864,3,1,"SNOWDON AVE W/B E OF # 110 SNOWDON AVE","Westbound","E"
"21826",33893,3,1,"EILEEN AVE W/B E OF # 129 EILEEN AVE","Westbound","E"
"10818",21808,3,1,"FINCH AVE W/B E OF ANCONA ST","Westbound","E"
"3342",3554,3,1,"SHEPPARD AVE E/B W OF BROOKWELL PARK TCS","Eastbound","W"
"6552",11648,3,1,"BROCK AVE S/B N OF QUEEN ST","Southbound","N"
"21686",33750,3,1,"MCADAM AVE W/B E OF # 65 MCADAM AVE","Westbound","E"
"22560",34675,3,1,"GUILDWOOD PRKWY W/B E OF THE GUILD","Westbound","E"
"19742",31699,3,1,"KENNEDY AVE S/B N OF DEFOREST RD","Southbound","N"
"20929",32956,3,1,"COLBORNE LODGE DR S/B S OF HILLSIDE RD","Southbound","S"
"25460",37808,3,1,"PROGRESS AVE W/B E OF MID-BLOCK TCS 130M W OF MIDLAND AVE","Westbound","E"
"1830",1924,3,1,"YONGE ST S/B N OF SHUTER ST","Southbound","N"
"21829",33896,3,1,"EILEEN AVE W/B E OF # 105 EILEEN AVE","Westbound","E"
"7549",13540,3,1,"LN OF YONGE ST S/B S OF PLEASANT BLVD","Southbound","S"
"19984",31964,3,1,"BLACKSMITH CRES E/B W OF GOSFORD BLVD S","Eastbound","W"
"19213",31120,3,1,"CUMMER AVE W/B E OF WILLOWDALE AVE","Westbound","E"
"24225",36465,3,1,"SERVICE RD EB E OF MARKHAM RD","Eastbound","E"
"20924",32950,3,1,"BELLEHAVEN CRES W/B E OF RAVINE DR","Westbound","E"
"2429",2563,3,1,"FINCH AVE E/B W OF KENNETH AVE","Eastbound","W"
"12890",24186,3,1,"NORTH QUEEN ST S/B N OF THE QUEENSWAY","Southbound","N"
"8299",15219,3,1,"JEFFERSON AVE S/B S OF KING ST W","Southbound","S"
"21420",33467,3,1,"HADDINGTON AVE E/B E OF FALKIRK ST @ #213","Eastbound","E"
"15054",26581,3,1,"THE WEST MALL S/B N OF SHERWAY DR","Southbound","N"
"20927",32953,3,1,"BELLEHAVEN CRES W/B W OF WINDY RIDGE DR","Westbound","W"
"21794",33861,3,1,"SNOWDON AVE E/B W OF # 78 SNOWDON AVE","Eastbound","W"
"17799",29586,3,1,"YONGE ST N/B S OF MIDBLOCK TCS  P X 2011(S OF YORKVILLE AVE)","Northbound","S"
"16079",27715,3,1,"SHEPPARD AVE  W/B E OF MIDBLOCK TCS W OF AMETHYST RD","Westbound","E"
"9449",20344,3,1,"SHEPPARD AVE E/B W OF AMETHYST RD","Eastbound","W"
"12292",23494,3,1,"YONGE ST S/B N OF MIDBLOCK TCS N OF SHUTER ST","Southbound","N"
"296",320,3,1,"DUFFERIN ST N/B S OF STEELES AVE","Northbound","S"
"14680",26153,3,1,"STEELES AVENUE E/B W OF GERRY FITZGERALD DR","Eastbound","W"
"14836",26330,3,1,"FINCH AVE E/B W OF MIDBLOCK TCS (PX 1750 W OF SENTINEL RD)","Eastbound","W"
"14975",26495,3,1,"BAY ST N/B S OF DUNDAS ST","Northbound","S"
"3406",3624,3,1,"VICTORIA PARK AVE S/B N OF DENTON AVE","Southbound","N"
"13",13,3,1,"ALBION RD W/B E OF FINCH AVE","Westbound","E"
"1285",1364,3,1,"SHEPPARD AVE W/B E OF BAY MILLS BLVD","Westbound","E"
"14122",25528,3,1,"MONDEO DR S/B S OF FLORINA BLVD","Southbound","S"
"20857",32879,3,1,"CANYON AVE N/B N OF SHEPPARD AVE","Northbound","N"
"17834",29626,3,1,"AVENUE RD N/B S OF MIDBLOCK TCS (PX 2076 S OF ROE AVE)","Northbound","S"
"18859",30722,3,1,"ALBANY AVE N/B S OF DAVENPORT ROAD","Northbound","S"
"20591",32600,3,1,"DORIS AVE S/B N OF HOLMES AVE","Southbound","N"
"1296",1375,3,1,"SHEPPARD AVE W/B E OF BRIAN DR","Westbound","E"
"25058",37366,3,1,"LN E AVON N MCCORMACK N/B S OF BEHIND #32 LAPP ST","Northbound","S"
"11506",22583,3,1,"KIPLING S DUNDAS E RAMP S/B S OF DUNDAS ST","Southbound","S"
"8117",14940,3,1,"SNOWDON AVE W/B E OF BOCASTLE AVE","Westbound","E"
"20922",32948,3,1,"LOWCREST BLVD E/B E OF BY PASS CRT","Eastbound","E"
"765",811,3,1,"KIPLING AVE S/B N OF TABER RD","Southbound","N"
"21750",33817,3,1,"YORKVIEW DR E/B W OF WYNN RD","Eastbound","W"
"21512",33564,3,1,"GRIFFEN DR S/B N OF #53 GRIFFEN DR","Southbound","N"
"10615",21576,3,1,"DE QUINCY BLVD E/B W OF KING HIGH AVE","Westbound","W"
"143",155,3,1,"BRIMLEY RD S/B N OF PORT ROYAL TRAIL S","Southbound","N"
"21973",34049,3,1,"AUDREY AVE S/B N OF KINGSTON RD","Southbound","N"
"8118",14941,3,1,"SNOWDON AVE E/B W OF MOUNT PLEASANT RD","Eastbound","W"
"16794",28510,3,1,"FINCH AVE E/B E OF BRIDLETOWNE CIR","Eastbound","E"
"18832",30687,3,1,"NORTH QUEEN ST N/B S OF NOVA RD","Northbound","S"
"24205",36442,3,1,"RUSSFAX DR SB S OF FISHERVILLE RD","Southbound","S"
"10699",21663,3,1,"MCADAM AVE E/B W OF DUFFERIN ST","Eastbound","W"
"1595",1686,3,1,"WARDEN AVE N/B S OF BRIDLETOWNE CRCL N TCS","Northbound","S"
"19940",31914,3,1,"CASTLEFIELD AVE W/B E OF ROSEWELL AVE","Westbound","E"
"477",509,3,1,"FINCH AVE E/B W OF SENTINEL RD","Eastbound","W"
"24074",36307,3,1,"LN E OF LAUGHTON SB N OF CONNOLLY ST","Southbound","N"
"16080",27717,3,1,"SHEPPARD AVE  E/B W MIDBLOCK TCS W OF AMETHYST RD","Eastbound","W"
"1325",1405,3,1,"SHEPPARD AVE E/B W OF KEELE ST","Eastbound","W"
"7756",14102,3,1,"MAPLE GROVE AVE E/B W OF BROCK AVE","Eastbound","W"
"24914",37212,3,1,"BAYVIEW AVE NB N OF EASTERN AVE","Northbound","N"
"15017",26542,3,1,"FRONT ST W/B E OF LOWER SIMCOE ST","Westbound","E"
"17651",29422,3,1,"WARDEN AVE S/B N OF MIDBLOCK TCS","Southbound","N"
"632",670,3,1,"KEELE ST N/B S OF LAWRENCE AVE","Northbound","S"
"7765",14114,3,1,"HOOK AVE W/B E OF INDIAN GROVE","Westbound","E"
"8219",15122,3,1,"ELMER AVE S/B S OF KINGSTON RD","Southbound","S"
"21173",33210,3,1,"LN S OF BLOOR ST W/B E OF MARGUERETTA ST","Westbound","E"
"16594",28292,3,1,"SHEPPARD AVE W/B W OF TTC SUBWAY STN","Westbound","W"
"18817",30671,3,1,"MORNINGSIDE AVE S/B N OF MORNINGSIDE MALL (PX 2110)","Southbound","N"
"18985",30860,3,1,"KIPLING AVE S/B N OF MID TCS PX 1884 ( N OF STEVENSON RD)","Southbound","N"
"13458",24823,3,1,"MONDEO DR N/B S OF FLORINA BLVD","Northbound","S"
"21681",33745,3,1,"MCADAM AVE E/B W OF # 31 MCADAM AVE","Eastbound","W"
"21421",33468,3,1,"HADDINGTON AVE W/B E OF #187 HADDINGTON AVE W OF CLYDE AVE","Westbound","E"
"18679",30527,3,1,"FOUR WINDS DR W/B E OF COLUMBIA GT @ #19","Westbound","E"
"4003",4284,6,2,"BAYVIEW AVE AT CUMMER AVE (PX 651)","",""
"7143",13036,6,2,"CAMILLA CRES AT PHARMACY AVE","",""
"19364",31279,6,2,"KELLYVALE RD AT PHARMACY AVE","",""
"16158",27814,6,2,"LAUDER AVE AT ROSECLIFFE AVE","",""
"5308",5630,6,2,"BLOOR ST AT MANNING AVE (PX 1269)","",""
"12141",23328,6,2,"CHAMBERS AVE AT ROWNTREE AVE","",""
"17219",28956,6,2,"KING ST AT MOWAT AVE","",""
"4320",4613,6,2,"EAST AVE AT LAWRENCE AVE (PX 1838)","",""
"7823",14277,6,2,"CRAWFORD ST AT DUNDAS ST","",""
"17873",29666,6,2,"COATSWORTH ST AT POULETT ST","",""
"4764",5067,6,2,"GISBURN RD AT PARKWOODS VILLAGE DR (PX 898)","",""
"21912",33982,6,2,"CULNAN AVE AT THE QUEENSWAY","",""
"4665",4967,6,2,"DEAUVILLE LANE AT ST DENNIS DR (PX 3002)","",""
"20109",32098,6,2,"PIRANDELLO ST AT WESTERN BATTERY RD","",""
"5553",5881,6,2,"EGLINTON AVE AT GLEN CEDAR RD & OLD PARK RD (PX 101)","",""
"18831",30686,6,2,"HARLOCK BLVD AT MAXWELL ST AND SHEPPARD AVE W","",""
"3928",4207,6,2,"BAY ST AT HARBOUR SQ & QUEENS QUAY (PX 2416)","",""
"5623",5953,6,2,"BAYVIEW AVE AT FLEMING CRES & MANOR RD (PX 172)","",""
"10222",21173,6,2,"MELROSE AVE / TEDDINGTON PK AVE AT YONGE ST","",""
"5348",5672,6,2,"COLLEGE ST AT DUFFERIN ST (PX 605)","",""
"4763",5066,6,2,"CONLINS RD AT ELLESMERE RD (PX 1569)","",""
"17263",29005,6,2,"YONGE ST AT HIGHWAY 401 N RAMP","",""
"4219",4509,6,2,"HARBORD ST AT MONTROSE AVE (PX 1697)","",""
"11680",22782,6,2,"FRONT ST E AT OVEREND ST","",""
"23190",35365,6,2,"CHERRY ST AT FG GARDINER UNDERPASS","",""
"16698",28403,6,2,"DE GRASSI ST AT GERRARD ST","",""
"4198",4487,6,2,"ALLIANCE AVE AT JANE ST (PX 525)","",""
"19565",31497,6,2,"BRADBROOK RD AT ISLINGTON AVE","",""
"6885",12297,6,2,"CASSELS AVE AT WOODBINE AVE","",""
"13506",24877,6,2,"BURLEY AVE AT MORTIMER AVE","",""
"4199",4488,6,2,"FALSTAFF AVE AT GORDON MACKAY RD & JANE ST (PX 531)","",""
"5461",5788,6,2,"DANFORTH RD AT SEMINOLE AVE (PX 969)","",""
"6687",11887,6,2,"LAIRD DR AT LEA AVE","",""
"17492",29244,6,2,"KEEWATIN AVE AT MOUNT PLEASANT RD","",""
"24901",37197,6,2,"BRANDON AVE AT LANSDOWNE AVE","",""
"12937",24253,6,2,"BARTLETT AVE AT SHANLEY ST","",""
"20606",32615,6,2,"BURMONT RD AT RIDELLE AVE","",""
"18310",30140,6,2,"AMSTERDAM AVE AT GLENBURN AVE","",""
"5327",5649,6,2,"COLLEGE ST AT DOVERCOURT RD (PX 830)","",""
"4059",4343,6,2,"DON MILLS RD AT YORK MILLS RD (PX 626)","",""
"4437",4736,6,2,"DON MILLS RD AT WYNFORD DR (PX 822)","",""
"5658",5989,6,2,"COXWELL AVE AT GLEBEHOLME BLVD (PX 1498)","",""
"5901",6257,6,2,"KLONDIKE DR AT STEELES AVE","",""
"23194",35369,6,2,"DUNDAS ST AT GORE VALE AVE","",""
"4234",4525,6,2,"KEELE ST AT STEELES AVE (PX 602)","",""
"6250",11237,6,2,"CLAXTON BLVD AT KENWOOD AVE","",""
"4849",5153,6,2,"FINCH AVE AT HIGHWAY 404 W TCS (PX 1182)","",""
"19928",31902,6,2,"CORONA ST AT LAWRENCE AVE W (PX 2364)","",""
"5543",5870,6,2,"LAWRENCE AVE AT W R ALLEN RD W TCS (PX 1157)","",""
"3874",4151,6,2,"EGLINTON AVE AT MARKHAM RD (PX 463)","",""
"6251",11238,6,2,"MANOR RD AT SERVINGTON CRES","",""
"24734",37015,6,2,"GIDLEY RD AT ST CLAIR AVE E","",""
"3870",4147,6,2,"BATHURST ST AT LAWRENCE AVE (PX 423)","",""
"4723",5026,6,2,"LAWRENCE AVE AT ROYAL YORK RD & THE WESTWAY (PX 780)","",""
"4686",4988,6,2,"BATHURST ST AT SHEPPARD AVE (PX 672)","",""
"16172",27828,6,2,"HECTOR AVENUE AT MELITA AVENUE","",""
"4183",4472,6,2,"QUEEN ST AT WOODFIELD RD","",""
"5316",5638,6,2,"DANFORTH AVE AT DONLANDS AVE (PX 347)","",""
"5530",5857,6,2,"# 4400 DUFFERIN ST AT DUFFERIN ST & 250M N STANSTEAD DR (PX 1625)","",""
"17254",28995,6,2,"LEONARD AVE AT NASSAU ST","",""
"23409",35597,6,2,"MARKHAM RD AT TURBINA AVE","",""
"18830",30685,6,2,"QUEEN ST AT SIMCOE ST","",""
"6859",12230,6,2,"ALNESS ST AT FLINT RD (PX 1876)","",""
"24400",36658,6,2,"PHARMACY AVE AT 115M NORTH OF RANNOCK ST (PX 2268)","",""
"10060",21008,6,2,"PARK RD AT ROSEDALE VALLEY RD","",""
"5993",6385,6,2,"ATHLONE RD AT O CONNOR DR","",""
"4854",5158,6,2,"ALAMOSA DR AT FINCH AVE & PINEWAY BLVD (PX 999)","",""
"25540",37891,6,2,"MIDLAND AVE AT WOLFE AVE","",""
"3942",4221,6,2,"LIVONIA PL AT NEILSON RD & PURPLEDUSK TRL (PX 1778)","",""
"16162",27818,6,2,"CUMBERLAND ST AT PARKING LOT EAST OF BAY ST","",""
"4276",4568,6,2,"ALLIANCE AVE AT ROCKCLIFFE BLVD (PX 3009)","",""
"4133",4420,6,2,"GALLOWAY RD AT KINGSTON RD (PX 145)","",""
"5332",5654,6,2,"ANNETTE ST AT INDIAN ROAD CRES","",""
"23096",35267,6,2,"COPPERFIELD RD AT MANSE RD","",""
"12909",24210,6,2,"BETA ST AT HORNER AVE (PX 1957)","",""
"23024",35189,6,2,"CRESCENT TOWN PL AT MASSEY SQ","",""
"6835",12176,6,2,"BEACONSFIELD AVE AT CROSS ST","",""
"24281",36525,6,2,"EMERSON AVE AT PATON ROAD","",""
"5863",6209,6,2,"GLENLAKE AVE AT HIGH PARK AVE","",""
"4677",4979,6,2,"EGLINTON AVE AT ROSTREVOR RD (PX 438)","",""
"6060",6454,6,2,"ALLINGHAM GDNS AT WILSON AVE (PX 1477)","",""
"3673",3944,6,2,"O CONNOR DR AT 40M S OF WAKUNDA PL (PX 604)","",""
"16572",28268,6,2,"CINDER AV AT CRAWFORD ST","",""
"4055",4337,6,2,"DON MILLS RD AT O CONNOR DR (PX 444)","",""
"15522",27091,6,2,"ALHAMBRA AVE AT BLOOR ST W","",""
"14920",26432,6,2,"GLEBEHOLME BLVD AT WOODMOUNT AVE","",""
"23791",36003,6,2,"ARGYLE ST AT SHAW ST","",""
"20812",32830,6,2,"CASTLETON AVE AT ST CLAIR AVE","",""
"4408",4707,6,2,"BROWNS LINE AT HORNER AVE (PX 763)","",""
"5125",5439,6,2,"CULFORD RD AT LAWRENCE AVE (PX 429)","",""
"4984",5291,6,2,"BEVERLEY ST AT DUNDAS ST (PX 266)","",""
"4947",5253,6,2,"ADELAIDE ST AT YORK ST (PX 73)","",""
"5322",5644,6,2,"DANFORTH AVE AT MAIN ST (PX 353)","",""
"13311",24667,6,2,"LANGLEY AVE AT LOGAN AVE","",""
"6841",12189,6,2,"DAVENPORT RD AT MACPHERSON AVE & MACPHERSON AVE","",""
"4651",4953,6,2,"HUNTINGWOOD DR AT MCCOWAN RD & MIDDLEFIELD RD (PX 1243)","",""
"7082",12899,6,2,"MARTIN GROVE RD AT MILKWOOD AVE (PX 1959)","",""
"5669",6000,6,2,"PLAINS RD AT WOODBINE AVE","",""
"3981",4260,6,2,"PARLIAMENT ST AT WINCHESTER ST (PX 922)","",""
"17856",29649,6,2,"GRAYDON HALL DR AT GRAYDON HALL PL","",""
"5099",5413,6,2,"AVENUE RD AT CUMBERLAND ST","",""
"3967",4246,6,2,"BLYTHWOOD RD AT MOUNT PLEASANT RD (PX 140)","",""
"25541",37892,6,2,"MARTIN GROVE RD AT ROYALCREST RD","",""
"6625",11748,6,2,"KNIGHT ST AT MORTIMER AVE","",""
"4484",4785,6,2,"CURITY AVE AT O CONNOR DR (PX 1680)","",""
"25655",38017,6,2,"JAMES FINLAY WAY AT WILSON AVE (PX 2281)","",""
"3820",4096,6,2,"PENGELLY CRT AT ST CLAIR AVE","",""
"19198",31102,6,2,"BURNETT AVE AT SENLAC RD","",""
"21208",33249,6,2,"DUNDAS ST AT EARLINGTON AVE","",""
"25463",37812,6,2,"HERBERT AVE AT QUEEN ST E","",""
"19245",31153,6,2,"BEDFORD RD AT PRINCE ARTHUR AVE","",""
"4837",5141,6,2,"DUNDAS ST AT ISLINGTON AVE (PX 706)","",""
"4187",4476,6,2,"BIRCHMOUNT RD AT SANWOOD BLVD & WINTERMUTE BLVD (PX 1504)","",""
"3748",4023,6,2,"BEVERLY HILLS DR AT JANE ST (PX 1409)","",""
"14524",25979,6,2,"DUNDAS ST W AT DUPONT ST","",""
"15517",27085,6,2,"BAIN AVE AT CARLAW AVE","",""
"4002",4283,6,2,"BAYVIEW AVE AT RUDDINGTON DR (PX 653)","",""
"17727",29504,6,2,"FORMAN AVE AT HILLSDALE AVE E","",""
"5637",5967,6,2,"GLEN WATFORD DR AT SHEPPARD AVE (PX 1436)","",""
"16421",28094,6,2,"KINGSTON RD AT LOCHLEVEN DR","",""
"5159",5475,6,2,"BAYVIEW AVE AT CITATION DR & EMPRESS AVE (PX 649)","",""
"5767",6099,6,2,"CLAYSON RD AT WILSON AVE (PX 813)","",""
"24088",36321,6,2,"EPIC LANE RD AT WILSON AVE","",""
"3756",4031,6,2,"DUNDAS ST AT MUNRO ST (PX 1117)","",""
"5671",6002,6,2,"GERRARD ST AT MAIN ST (PX 363)","",""
"4215",4505,6,2,"OLD KENNEDY RD AT SILVER STAR BLVD & STEELES AVE (PX 1264)","",""
"4937",5243,6,2,"EVANS AVE AT HORNER AVE (PX 774)","",""
"19097",30988,6,2,"DON VALLEY PKWY N AT EGLINTON AVE E/DVP N RAMP","",""
"17493",29245,6,2,"HILLSDALE AVE AT MOUNT PLEASANT RD","",""
"5634",5964,6,2,"LOGAN AVE AT QUEEN ST (PX 544)","",""
"4906",5211,6,2,"KINGSTON RD AT RYLANDER BLVD (PX 1531)","",""
"8462",15414,6,2,"CRAWFORD ST AT SHANK ST","",""
"8139",14966,6,2,"PALMERSTON AVE AT QUEEN ST W & TECUMSEH ST (PX 1969)","",""
"3990",4270,6,2,"OLD YONGE ST AT YORK MILLS RD","",""
"19273",31183,6,2,"ESTHER SHINER BLVD AT OLD LESLIE ST (PX 2041)","",""
"4292",4585,6,2,"BATHURST ST AT VAUGHAN RD","",""
"22172",34269,6,2,"HELENDALE AVE AT YONGE ST","",""
"4426",4725,6,2,"KIPLING AVE AT NORSEMAN ST (PX 725)","",""
"4075",4360,6,2,"ISLINGTON AVE AT STEELES AVE (PX 1208)","",""
"5070",5383,6,2,"EGLINTON AVE AT MASON RD (PX 638)","",""
"3702",3975,6,2,"DANFORTH AVE AT DANFORTH RD (PX 357)","",""
"23195",35370,6,2,"CLINTON ST AT HENDERSON AVE","",""
"3768",4043,6,2,"BERTRAND AVE AT KENNEDY RD (PX 1057)","",""
"5678",6009,6,2,"MARTIN GROVE RD AT STEELES AVE (PX 1486)","",""
"4725",5028,6,2,"BERNER TR AT NEILSON RD & WICKSON TRL (PX 1474)","",""
"5979",6370,6,2,"COLUMBINE AVE AT KINGSTON RD","",""
"5612",5942,6,2,"BYNG AVE AT YONGE ST","",""
"4009",4290,6,2,"MANHATTAN DR AT WARDEN AVE (PX 914)","",""
"24629",36902,6,2,"BELLWOODS AVE AT TREFORD PL","",""
"4919",5224,6,2,"ALBION RD AT ELMHURST DR (PX 723)","",""
"4250",4542,6,2,"BRIMLEY RD AT DORCOT AVE (PX 1282)","",""
"16438",28112,6,2,"# 3100 KINGSTON RD AT KINGSTON RD WEST OF FENWOOD HTS","",""
"3789",4065,6,2,"DANFORTH AVE AT EAST LYNN AVE & WOODMOUNT AVE (PX 1281)","",""
"5012",5320,6,2,"KEELE ST AT NORTH PARK DR","",""
"4298",4591,6,2,"BATHURST ST AT RANEE AVE (PX 316)","",""
"6846",12208,6,2,"QUEEN ST W & SORAUREN AVE (PX 1745)","",""
"4771",5074,6,2,"GERRARD ST AT SUMACH ST (PX 1390)","",""
"6825",12163,6,2,"DAWES RD AT PHARMACY AVE","",""
"25652",38014,6,2,"BRIMLEY RD AT HWY 401 EB OFF RAMP (SOUTH SIDE)","",""
"5751",6083,6,2,"ORIOLE PKWY AT OXTON AVE","",""
"4896",5201,6,2,"BLACK CREEK DR AT HUMBER BLVD & WESTON RD (PX 577)","",""
"3898",4175,6,2,"BLOOR ST AT SPADINA AVE & SPADINA RD (PX 281)","",""
"5312",5634,6,2,"BLOOR ST AT GREEN LANES (PX 1676)","",""
"5248",5566,6,2,"ESNA PARK DR AT PHARMACY AVE & STEELES AVE (PX 1190)","",""
"5820",6160,6,2,"HEDGEWOOD RD AT YORK MILLS RD","",""
"5840",6183,6,2,"CARLAW AVE AT VICTOR AVE","",""
"8079",14867,6,2,"HOWARD PARK AVE AT INDIAN GRV","",""
"5940",6301,6,2,"DAVENPORT RD AT LIGHTBOURN AVE","",""
"15904",27497,6,2,"HOLBORNE AVE AT WOODMOUNT AVE","",""
"16559",28252,6,2,"BROOKMOUNT RD AT COLUMBINE AVE","",""
"18312",30142,6,2,"CLUNY DR AT CRESCENT RD","",""
"6179",9795,6,2,"DOUGLAS AVE AT GREER RD","",""
"12042",23204,6,2,"GERRARD ST AT OSBORNE AVE & TED REEVE ARENA (PX 2241)","",""
"5918",6276,6,2,"ARGYLE ST AT DOVERCOURT RD","",""
"4739",5042,6,2,"CHURCH ST AT GERRARD ST (PX 22)","",""
"3662",3933,6,2,"LAKE SHORE BLVD AT REES ST (PX 1408)","",""
"4455",4755,6,2,"FINCH AVE AT TALBOT RD (PX 1206)","",""
"21522",33574,6,2,"BIRCHMOUNT RD AT FLORA DR (PX 2260)","",""
"16472",28148,6,2,"HUNT CLUB DR AT KINGSTON RD","",""
"4045",4326,6,2,"KIPLING AVE AT THE WESTWAY (PX 730)","",""
"4023",4304,6,2,"DANFORTH AVE AT PAPE AVE (PX 345)","",""
"21472",33524,6,2,"FORMAN AVE AT MANOR RD","",""
"3759",4034,6,2,"DUNDAS ST AT HUMBERSIDE AVE","",""
"4131",4418,6,2,"CLAREMORE AVE AT CLIFFSIDE DR & KINGSTON RD (PX 153)","",""
"22646",34776,6,2,"ELLESMERE RD AT PACKARD BLVD","",""
"5667",5998,6,2,"FINCH AVE AT GOLDFINCH CT & TORRESDALE AVE (PX 998)","",""
"3760",4035,6,2,"DENISON AVE AT DUNDAS ST (PX 542)","",""
"3895",4172,6,2,"SPADINA AVE AT WILLCOCKS ST (PX 1761)","",""
"4427",4726,6,2,"CLEMENT RD AT HUNTING RIDGE & KIPLING AVE (PX 1036)","",""
